timestamp,food_storage,wood_storage,role_counts_json,cumulative_role_changes,cumulative_deposits,pending_role_requests
1.00,0,0,"{""Unassigned"":8}",0,0,5
2.01,0,0,"{""Explorer"":5,""Unassigned"":3}",5,0,0
3.01,0,0,"{""Explorer"":5,""Unassigned"":3}",5,0,0
4.02,0,0,"{""Explorer"":5,""Unassigned"":3}",5,0,0
5.02,0,0,"{""Explorer"":5,""Unassigned"":3}",5,0,0
6.02,0,0,"{""Explorer"":5,""Unassigned"":3}",5,0,0
7.03,0,0,"{""Explorer"":5,""Unassigned"":3}",5,0,0
8.03,0,0,"{""Explorer"":5,""Unassigned"":3}",5,0,0
9.04,0,0,"{""Explorer"":5,""Unassigned"":3}",5,0,0
10.04,0,0,"{""Explorer"":5,""Unassigned"":3}",5,0,0
11.05,0,0,"{""Explorer"":5,""Unassigned"":3}",5,0,0
12.05,0,0,"{""Explorer"":5,""Unassigned"":3}",5,0,0
13.05,0,0,"{""Explorer"":5,""Unassigned"":3}",5,0,0
14.06,0,0,"{""Explorer"":5,""Unassigned"":3}",5,0,0
15.06,0,0,"{""Explorer"":5,""Unassigned"":3}",5,0,0
16.07,0,0,"{""Explorer"":5,""Unassigned"":3}",5,0,0
17.07,0,0,"{""Explorer"":5,""Unassigned"":3}",5,0,4
18.07,0,0,"{""Explorer"":5,""Gatherer"":3}",8,0,1
19.08,0,0,"{""Explorer"":5,""Gatherer"":3}",8,0,2
20.08,0,0,"{""Explorer"":5,""Gatherer"":3}",8,0,2
21.09,0,0,"{""Explorer"":5,""Gatherer"":3}",8,0,2
22.09,0,0,"{""Explorer"":5,""Gatherer"":3}",8,0,2
23.10,0,0,"{""Explorer"":5,""Gatherer"":3}",8,0,2
24.10,0,0,"{""Explorer"":5,""Gatherer"":3}",8,0,2
25.10,0,1,"{""Explorer"":5,""Gatherer"":3}",8,1,2
26.11,0,3,"{""Explorer"":5,""Gatherer"":3}",8,3,2
27.11,0,3,"{""Explorer"":5,""Gatherer"":3}",8,3,2
28.12,0,3,"{""Explorer"":5,""Gatherer"":3}",8,3,2
29.12,3,3,"{""Explorer"":5,""Gatherer"":3}",8,6,2
30.12,3,3,"{""Explorer"":5,""Gatherer"":3}",8,6,2
31.13,3,3,"{""Explorer"":5,""Gatherer"":3}",8,6,2
32.13,4,3,"{""Explorer"":5,""Gatherer"":3}",8,7,2
33.14,6,3,"{""Explorer"":5,""Gatherer"":3}",8,9,2
34.14,6,3,"{""Explorer"":5,""Gatherer"":3}",8,9,2
35.15,6,3,"{""Explorer"":5,""Gatherer"":3}",8,9,2
36.15,9,3,"{""Explorer"":5,""Gatherer"":3}",8,12,2
37.15,9,3,"{""Explorer"":5,""Gatherer"":3}",8,12,2
38.16,9,3,"{""Explorer"":5,""Gatherer"":3}",8,12,2
39.16,11,3,"{""Explorer"":5,""Gatherer"":3}",8,14,2
40.17,12,3,"{""Explorer"":5,""Gatherer"":3}",8,15,2
41.17,12,3,"{""Explorer"":5,""Gatherer"":3}",8,15,2
42.18,12,3,"{""Explorer"":5,""Gatherer"":3}",8,15,2
43.18,12,3,"{""Explorer"":5,""Gatherer"":3}",8,15,2
44.18,12,3,"{""Explorer"":5,""Gatherer"":3}",8,15,2
45.19,12,3,"{""Explorer"":5,""Gatherer"":3}",8,15,2
46.19,12,3,"{""Explorer"":5,""Gatherer"":3}",8,15,2
47.20,12,3,"{""Explorer"":5,""Gatherer"":3}",8,15,2
48.20,12,3,"{""Explorer"":5,""Gatherer"":3}",8,15,2
49.20,12,3,"{""Explorer"":5,""Gatherer"":3}",8,15,2
50.21,12,3,"{""Explorer"":5,""Gatherer"":3}",8,15,2
51.21,12,3,"{""Explorer"":5,""Gatherer"":3}",8,15,2
52.22,12,3,"{""Explorer"":5,""Gatherer"":3}",8,15,2
53.22,15,3,"{""Explorer"":5,""Gatherer"":3}",8,18,2
54.23,15,3,"{""Explorer"":5,""Gatherer"":3}",8,18,2
55.23,15,3,"{""Explorer"":5,""Gatherer"":3}",8,18,2
56.23,18,3,"{""Explorer"":5,""Gatherer"":3}",8,21,2
57.24,18,3,"{""Explorer"":5,""Gatherer"":3}",8,21,2
58.24,18,3,"{""Explorer"":5,""Gatherer"":3}",8,21,2
59.25,19,3,"{""Explorer"":5,""Gatherer"":3}",8,22,2
60.25,21,3,"{""Explorer"":5,""Gatherer"":3}",8,24,2
61.25,21,3,"{""Explorer"":5,""Gatherer"":3}",8,24,2
62.26,21,3,"{""Explorer"":5,""Gatherer"":3}",8,24,2
63.26,24,3,"{""Explorer"":5,""Gatherer"":3}",8,27,2
64.27,24,3,"{""Explorer"":5,""Gatherer"":3}",8,27,2
65.27,24,3,"{""Explorer"":5,""Gatherer"":3}",8,27,2
66.28,27,3,"{""Explorer"":5,""Gatherer"":3}",8,30,2
67.28,27,3,"{""Explorer"":5,""Gatherer"":3}",8,30,2
68.28,27,3,"{""Explorer"":5,""Gatherer"":3}",8,30,2
69.29,27,3,"{""Explorer"":5,""Gatherer"":3}",8,30,2
70.29,24,3,"{""Explorer"":5,""Gatherer"":3}",8,30,2
71.30,24,3,"{""Explorer"":5,""Gatherer"":3}",8,30,2
72.30,27,3,"{""Explorer"":5,""Gatherer"":3}",8,33,2
73.30,26,3,"{""Explorer"":5,""Gatherer"":3}",8,33,2
74.31,23,3,"{""Explorer"":5,""Gatherer"":3}",8,33,2
75.31,23,3,"{""Explorer"":4,""Gatherer"":4}",9,33,1
76.32,22,3,"{""Explorer"":4,""Gatherer"":4}",9,37,1
77.32,22,3,"{""Explorer"":4,""Gatherer"":4}",9,37,1
78.33,23,3,"{""Explorer"":4,""Gatherer"":4}",9,38,1
79.33,23,3,"{""Explorer"":4,""Gatherer"":4}",9,38,1
80.33,23,3,"{""Explorer"":4,""Gatherer"":4}",9,38,1
81.34,23,3,"{""Explorer"":4,""Gatherer"":4}",9,38,1
82.34,24,3,"{""Explorer"":4,""Gatherer"":4}",9,39,1
83.35,26,3,"{""Explorer"":4,""Gatherer"":4}",9,41,1
84.35,26,3,"{""Explorer"":4,""Gatherer"":4}",9,41,1
85.35,26,3,"{""Explorer"":4,""Gatherer"":4}",9,41,1
86.36,29,3,"{""Explorer"":4,""Gatherer"":4}",9,44,1
87.36,29,3,"{""Explorer"":4,""Gatherer"":4}",9,44,1
88.37,29,3,"{""Explorer"":3,""Gatherer"":4,""Unassigned"":1}",10,44,0
89.37,31,3,"{""Explorer"":3,""Gatherer"":4,""Unassigned"":1}",10,46,0
90.37,32,3,"{""Explorer"":3,""Gatherer"":4,""Unassigned"":1}",10,47,0
91.38,32,3,"{""Explorer"":3,""Gatherer"":4,""Unassigned"":1}",10,47,0
92.38,33,3,"{""Explorer"":3,""Gatherer"":4,""Unassigned"":1}",10,48,0
93.39,36,3,"{""Explorer"":3,""Gatherer"":4,""Unassigned"":1}",10,51,0
94.39,36,3,"{""Explorer"":3,""Gatherer"":4,""Unassigned"":1}",10,51,0
95.40,37,3,"{""Explorer"":3,""Gatherer"":4,""Unassigned"":1}",10,52,0
96.40,40,3,"{""Explorer"":3,""Gatherer"":4,""Unassigned"":1}",10,55,0
97.40,40,3,"{""Explorer"":3,""Gatherer"":4,""Unassigned"":1}",10,55,0
98.41,40,3,"{""Explorer"":3,""Gatherer"":4,""Unassigned"":1}",10,55,0
99.41,41,3,"{""Explorer"":3,""Gatherer"":4,""Unassigned"":1}",10,56,0
100.42,41,3,"{""Explorer"":3,""Gatherer"":4,""Unassigned"":1}",10,56,0
101.42,41,3,"{""Explorer"":3,""Gatherer"":4,""Unassigned"":1}",10,56,0
102.42,42,3,"{""Explorer"":3,""Gatherer"":4,""Unassigned"":1}",10,57,0
103.43,42,3,"{""Explorer"":3,""Gatherer"":4,""Unassigned"":1}",10,57,0
104.43,42,3,"{""Explorer"":3,""Gatherer"":4,""Unassigned"":1}",10,57,0
105.44,42,3,"{""Explorer"":3,""Gatherer"":4,""Unassigned"":1}",10,57,0
106.44,43,3,"{""Explorer"":3,""Gatherer"":4,""Unassigned"":1}",10,58,0
107.45,43,3,"{""Explorer"":3,""Gatherer"":4,""Unassigned"":1}",10,58,0
108.45,43,3,"{""Explorer"":3,""Gatherer"":4,""Unassigned"":1}",10,58,0
109.45,45,3,"{""Explorer"":3,""Gatherer"":4,""Unassigned"":1}",10,60,0
110.46,46,3,"{""Explorer"":3,""Gatherer"":4,""Unassigned"":1}",10,61,0
111.46,46,3,"{""Explorer"":3,""Gatherer"":4,""Unassigned"":1}",10,61,0
112.47,46,3,"{""Explorer"":3,""Gatherer"":4,""Unassigned"":1}",10,61,0
113.47,49,3,"{""Explorer"":3,""Gatherer"":4,""Unassigned"":1}",10,64,0
114.47,49,3,"{""Explorer"":3,""Gatherer"":4,""Unassigned"":1}",10,64,0
115.48,49,3,"{""Explorer"":3,""Gatherer"":4,""Unassigned"":1}",10,64,0
116.48,52,3,"{""Explorer"":3,""Gatherer"":4,""Unassigned"":1}",10,67,0
117.49,52,3,"{""Explorer"":3,""Gatherer"":4,""Unassigned"":1}",10,67,0
118.49,52,3,"{""Explorer"":3,""Gatherer"":4,""Unassigned"":1}",10,67,0
119.50,55,3,"{""Explorer"":3,""Gatherer"":4,""Unassigned"":1}",10,70,0
120.50,56,3,"{""Explorer"":3,""Gatherer"":4,""Unassigned"":1}",10,71,0
121.50,56,3,"{""Explorer"":3,""Gatherer"":4,""Unassigned"":1}",10,71,0
122.51,57,3,"{""Explorer"":3,""Gatherer"":4,""Unassigned"":1}",10,72,0
123.51,60,3,"{""Explorer"":3,""Gatherer"":4,""Unassigned"":1}",10,75,0
124.52,60,3,"{""Explorer"":3,""Gatherer"":4,""Unassigned"":1}",10,75,0
125.52,60,3,"{""Explorer"":3,""Gatherer"":4,""Unassigned"":1}",10,75,0
126.52,61,3,"{""Explorer"":3,""Gatherer"":4,""Unassigned"":1}",10,76,0
127.53,61,3,"{""Explorer"":3,""Gatherer"":4,""Unassigned"":1}",10,76,0
128.53,61,3,"{""Explorer"":3,""Gatherer"":4,""Unassigned"":1}",10,76,0
129.54,62,3,"{""Explorer"":3,""Gatherer"":4,""Unassigned"":1}",10,77,0
130.54,62,3,"{""Explorer"":3,""Gatherer"":4,""Unassigned"":1}",10,77,0
131.55,62,3,"{""Explorer"":3,""Gatherer"":4,""Unassigned"":1}",10,77,0
132.55,62,3,"{""Explorer"":3,""Gatherer"":4,""Unassigned"":1}",10,77,0
133.55,63,3,"{""Explorer"":3,""Gatherer"":4,""Unassigned"":1}",10,78,0
134.56,63,3,"{""Explorer"":3,""Gatherer"":4,""Unassigned"":1}",10,78,0
135.56,63,3,"{""Explorer"":3,""Gatherer"":4,""Unassigned"":1}",10,78,0
136.57,66,3,"{""Explorer"":3,""Gatherer"":4,""Unassigned"":1}",10,81,0
137.57,66,3,"{""Explorer"":3,""Gatherer"":4,""Unassigned"":1}",10,81,0
138.57,66,3,"{""Explorer"":3,""Gatherer"":4,""Unassigned"":1}",10,81,0
139.58,67,3,"{""Explorer"":3,""Gatherer"":4,""Unassigned"":1}",10,82,0
140.58,69,3,"{""Explorer"":3,""Gatherer"":4,""Unassigned"":1}",10,84,0
141.59,69,3,"{""Explorer"":3,""Gatherer"":4,""Unassigned"":1}",10,84,0
142.59,69,3,"{""Explorer"":3,""Gatherer"":4,""Unassigned"":1}",10,84,0
143.60,69,3,"{""Explorer"":3,""Gatherer"":4,""Unassigned"":1}",10,99,0
144.60,72,3,"{""Explorer"":3,""Gatherer"":4,""Unassigned"":1}",10,102,0
145.60,72,3,"{""Explorer"":3,""Gatherer"":4,""Unassigned"":1}",10,102,0
146.61,73,3,"{""Explorer"":3,""Gatherer"":4,""Unassigned"":1}",10,103,0
147.61,73,3,"{""Explorer"":3,""Gatherer"":4,""Unassigned"":1}",10,103,0
148.62,73,3,"{""Explorer"":3,""Gatherer"":4,""Unassigned"":1}",10,103,0
149.62,73,3,"{""Explorer"":3,""Gatherer"":4,""Unassigned"":1}",10,110,0
150.62,74,3,"{""Explorer"":3,""Gatherer"":4,""Unassigned"":1}",10,111,0
151.63,74,3,"{""Explorer"":3,""Gatherer"":4,""Unassigned"":1}",10,111,0
152.63,74,3,"{""Explorer"":3,""Gatherer"":4,""Unassigned"":1}",10,111,0
153.64,74,3,"{""Explorer"":3,""Gatherer"":4,""Unassigned"":1}",10,111,0
154.64,74,3,"{""Explorer"":3,""Gatherer"":4,""Unassigned"":1}",10,111,0
155.65,74,3,"{""Explorer"":3,""Gatherer"":4,""Unassigned"":1}",10,111,0
156.65,74,3,"{""Explorer"":3,""Gatherer"":4,""Unassigned"":1}",10,111,0
157.65,75,3,"{""Explorer"":3,""Gatherer"":4,""Unassigned"":1}",10,112,0
158.66,77,3,"{""Explorer"":3,""Gatherer"":4,""Unassigned"":1}",10,114,0
159.66,77,3,"{""Explorer"":3,""Gatherer"":4,""Unassigned"":1}",10,114,0
160.67,77,3,"{""Explorer"":3,""Gatherer"":4,""Unassigned"":1}",10,114,0
161.67,80,3,"{""Explorer"":3,""Gatherer"":4,""Unassigned"":1}",10,117,0
162.67,80,3,"{""Explorer"":3,""Gatherer"":4,""Unassigned"":1}",10,117,0
163.68,80,3,"{""Explorer"":3,""Gatherer"":4,""Unassigned"":1}",10,117,0
164.68,84,3,"{""Explorer"":3,""Gatherer"":4,""Unassigned"":1}",10,121,0
165.69,84,3,"{""Explorer"":3,""Gatherer"":4,""Unassigned"":1}",10,121,0
166.69,84,3,"{""Explorer"":3,""Gatherer"":4,""Unassigned"":1}",10,121,0
167.70,86,3,"{""Explorer"":3,""Gatherer"":4,""Unassigned"":1}",10,123,0
168.70,88,3,"{""Explorer"":3,""Gatherer"":4,""Unassigned"":1}",10,125,0
169.70,88,3,"{""Explorer"":3,""Gatherer"":4,""Unassigned"":1}",10,125,0
170.71,89,3,"{""Explorer"":3,""Gatherer"":4,""Unassigned"":1}",10,126,0
171.71,92,3,"{""Explorer"":3,""Gatherer"":4,""Unassigned"":1}",10,129,0
172.72,92,3,"{""Explorer"":3,""Gatherer"":4,""Unassigned"":1}",10,129,0
173.72,92,3,"{""Explorer"":3,""Gatherer"":4,""Unassigned"":1}",10,129,0
174.72,93,3,"{""Explorer"":3,""Gatherer"":4,""Unassigned"":1}",10,130,0
175.73,93,3,"{""Explorer"":3,""Gatherer"":4,""Unassigned"":1}",10,130,0
176.73,93,3,"{""Explorer"":3,""Gatherer"":4,""Unassigned"":1}",10,130,0
177.74,94,3,"{""Explorer"":3,""Gatherer"":4,""Unassigned"":1}",10,131,0
178.74,94,3,"{""Explorer"":3,""Gatherer"":4,""Unassigned"":1}",10,131,0
179.75,94,3,"{""Explorer"":3,""Gatherer"":4,""Unassigned"":1}",10,131,0
180.75,94,3,"{""Explorer"":3,""Gatherer"":4,""Unassigned"":1}",10,131,0
181.75,94,3,"{""Explorer"":3,""Gatherer"":4,""Unassigned"":1}",10,131,0
182.76,94,3,"{""Explorer"":3,""Gatherer"":4,""Unassigned"":1}",10,131,0
183.76,94,3,"{""Explorer"":3,""Gatherer"":4,""Unassigned"":1}",10,131,0
184.77,96,3,"{""Explorer"":3,""Gatherer"":4,""Unassigned"":1}",10,133,0
185.77,96,3,"{""Explorer"":3,""Gatherer"":4,""Unassigned"":1}",10,133,0
186.77,96,3,"{""Explorer"":3,""Gatherer"":4,""Unassigned"":1}",10,133,0
187.78,96,3,"{""Explorer"":3,""Gatherer"":4,""Unassigned"":1}",10,133,0
188.78,96,3,"{""Explorer"":3,""Gatherer"":4,""Unassigned"":1}",10,133,0
189.79,96,3,"{""Explorer"":3,""Gatherer"":4,""Unassigned"":1}",10,133,0
190.79,96,3,"{""Explorer"":3,""Gatherer"":4,""Unassigned"":1}",10,133,0
191.80,96,4,"{""Explorer"":3,""Gatherer"":4,""Unassigned"":1}",10,134,0
192.80,96,5,"{""Explorer"":3,""Gatherer"":4,""Unassigned"":1}",10,135,0
193.80,96,6,"{""Explorer"":3,""Gatherer"":4,""Unassigned"":1}",10,136,0
194.81,96,7,"{""Explorer"":3,""Gatherer"":4,""Unassigned"":1}",10,137,0
195.81,96,7,"{""Explorer"":3,""Gatherer"":4,""Unassigned"":1}",10,137,0
196.82,96,7,"{""Explorer"":3,""Gatherer"":4,""Unassigned"":1}",10,137,0
197.82,96,7,"{""Explorer"":3,""Gatherer"":4,""Unassigned"":1}",10,137,0
198.82,96,8,"{""Explorer"":3,""Gatherer"":4,""Unassigned"":1}",10,138,0
199.83,96,9,"{""Explorer"":3,""Gatherer"":4,""Unassigned"":1}",10,139,0
200.83,96,10,"{""Explorer"":3,""Gatherer"":4,""Unassigned"":1}",10,140,0
201.84,96,11,"{""Explorer"":3,""Gatherer"":4,""Unassigned"":1}",10,141,0
202.84,96,11,"{""Explorer"":3,""Gatherer"":4,""Unassigned"":1}",10,141,0
203.85,96,11,"{""Explorer"":3,""Gatherer"":4,""Unassigned"":1}",10,141,0
204.85,96,11,"{""Explorer"":3,""Gatherer"":4,""Unassigned"":1}",10,141,0
205.85,96,13,"{""Explorer"":3,""Gatherer"":4,""Unassigned"":1}",10,143,0
206.86,96,13,"{""Explorer"":3,""Gatherer"":4,""Unassigned"":1}",10,143,0
207.86,96,14,"{""Explorer"":3,""Gatherer"":4,""Unassigned"":1}",10,144,0
208.87,96,15,"{""Explorer"":3,""Gatherer"":4,""Unassigned"":1}",10,145,0
209.87,96,15,"{""Explorer"":3,""Gatherer"":4,""Unassigned"":1}",10,145,0
210.87,96,15,"{""Explorer"":3,""Gatherer"":4,""Unassigned"":1}",10,145,0
211.88,96,15,"{""Explorer"":3,""Gatherer"":4,""Unassigned"":1}",10,145,0
212.88,96,17,"{""Explorer"":3,""Gatherer"":4,""Unassigned"":1}",10,147,0
213.89,96,17,"{""Explorer"":3,""Gatherer"":4,""Unassigned"":1}",10,147,0
214.89,94,18,"{""Explorer"":3,""Gatherer"":4,""Unassigned"":1}",10,151,0
215.90,94,19,"{""Explorer"":3,""Gatherer"":4,""Unassigned"":1}",10,152,0
216.90,96,19,"{""Explorer"":3,""Gatherer"":4,""Unassigned"":1}",10,154,0
217.90,96,19,"{""Explorer"":3,""Gatherer"":4,""Unassigned"":1}",10,154,0
218.91,96,19,"{""Explorer"":3,""Gatherer"":4,""Unassigned"":1}",10,154,0
219.91,96,19,"{""Explorer"":3,""Gatherer"":4,""Unassigned"":1}",10,154,0
220.92,96,19,"{""Explorer"":3,""Gatherer"":4,""Unassigned"":1}",10,154,0
221.92,96,19,"{""Explorer"":3,""Gatherer"":4,""Unassigned"":1}",10,154,0
222.92,96,20,"{""Explorer"":3,""Gatherer"":4,""Unassigned"":1}",10,156,0
223.93,96,20,"{""Explorer"":3,""Gatherer"":4,""Unassigned"":1}",10,156,0
224.93,96,20,"{""Explorer"":3,""Gatherer"":4,""Unassigned"":1}",10,156,0
225.94,96,20,"{""Explorer"":3,""Gatherer"":4,""Unassigned"":1}",10,156,0
226.94,96,20,"{""Explorer"":3,""Gatherer"":4,""Unassigned"":1}",10,156,0
227.95,96,20,"{""Explorer"":3,""Gatherer"":4,""Unassigned"":1}",10,156,0
228.95,96,20,"{""Explorer"":3,""Gatherer"":4,""Unassigned"":1}",10,156,0
229.95,96,20,"{""Explorer"":3,""Gatherer"":4,""Unassigned"":1}",10,156,0
230.96,96,20,"{""Explorer"":3,""Gatherer"":4,""Unassigned"":1}",10,156,0
231.96,96,21,"{""Explorer"":3,""Gatherer"":4,""Unassigned"":1}",10,157,0
232.97,96,23,"{""Explorer"":3,""Gatherer"":4,""Unassigned"":1}",10,159,0
233.97,96,23,"{""Explorer"":3,""Gatherer"":4,""Unassigned"":1}",10,159,0
234.97,96,23,"{""Explorer"":3,""Gatherer"":4,""Unassigned"":1}",10,159,0
235.98,96,23,"{""Explorer"":3,""Gatherer"":4,""Unassigned"":1}",10,159,0
236.98,96,23,"{""Explorer"":3,""Gatherer"":4,""Unassigned"":1}",10,159,0
237.99,96,23,"{""Explorer"":3,""Gatherer"":4,""Unassigned"":1}",10,159,0
238.99,96,24,"{""Explorer"":3,""Gatherer"":4,""Unassigned"":1}",10,160,0
240.00,96,27,"{""Explorer"":3,""Gatherer"":4,""Unassigned"":1}",10,163,0
241.00,96,27,"{""Explorer"":3,""Gatherer"":4,""Unassigned"":1}",10,163,0
242.00,96,27,"{""Explorer"":3,""Gatherer"":4,""Unassigned"":1}",10,163,0
243.01,96,27,"{""Explorer"":3,""Gatherer"":4,""Unassigned"":1}",10,163,0
244.01,96,27,"{""Explorer"":3,""Gatherer"":4,""Unassigned"":1}",10,163,0
245.02,96,27,"{""Explorer"":3,""Gatherer"":4,""Unassigned"":1}",10,163,0
246.02,96,29,"{""Explorer"":3,""Gatherer"":4,""Unassigned"":1}",10,165,0
247.02,96,31,"{""Explorer"":3,""Gatherer"":4,""Unassigned"":1}",10,167,0
248.03,96,31,"{""Explorer"":3,""Gatherer"":4,""Unassigned"":1}",10,167,0
249.03,96,31,"{""Explorer"":3,""Gatherer"":4,""Unassigned"":1}",10,167,0
250.04,96,31,"{""Explorer"":3,""Gatherer"":4,""Unassigned"":1}",10,167,0
251.04,96,31,"{""Explorer"":3,""Gatherer"":4,""Unassigned"":1}",10,167,0
252.05,96,32,"{""Explorer"":3,""Gatherer"":4,""Unassigned"":1}",10,168,0
253.05,96,33,"{""Explorer"":3,""Gatherer"":4,""Unassigned"":1}",10,169,0
254.05,96,35,"{""Explorer"":3,""Gatherer"":4,""Unassigned"":1}",10,171,0
255.06,96,35,"{""Explorer"":3,""Gatherer"":4,""Unassigned"":1}",10,171,0
256.06,96,35,"{""Explorer"":3,""Gatherer"":4,""Unassigned"":1}",10,171,0
257.07,96,35,"{""Explorer"":3,""Gatherer"":4,""Unassigned"":1}",10,171,0
258.07,96,35,"{""Explorer"":3,""Gatherer"":4,""Unassigned"":1}",10,171,0
259.07,96,36,"{""Explorer"":3,""Gatherer"":4,""Unassigned"":1}",10,172,0
260.08,96,38,"{""Explorer"":3,""Gatherer"":4,""Unassigned"":1}",10,174,0
261.08,96,39,"{""Explorer"":3,""Gatherer"":4,""Unassigned"":1}",10,175,0
262.09,96,39,"{""Explorer"":3,""Gatherer"":4,""Unassigned"":1}",10,175,0
263.09,96,39,"{""Explorer"":3,""Gatherer"":4,""Unassigned"":1}",10,175,0
264.10,96,39,"{""Explorer"":3,""Gatherer"":4,""Unassigned"":1}",10,175,0
265.10,96,39,"{""Explorer"":3,""Gatherer"":4,""Unassigned"":1}",10,175,0
266.10,96,39,"{""Explorer"":3,""Gatherer"":4,""Unassigned"":1}",10,175,0
267.11,96,40,"{""Explorer"":3,""Gatherer"":4,""Unassigned"":1}",10,176,0
268.11,96,40,"{""Explorer"":3,""Gatherer"":4,""Unassigned"":1}",10,176,0
269.12,96,40,"{""Explorer"":3,""Gatherer"":4,""Unassigned"":1}",10,176,0
270.12,96,40,"{""Explorer"":3,""Gatherer"":4,""Unassigned"":1}",10,176,0
271.12,96,40,"{""Explorer"":3,""Gatherer"":4,""Unassigned"":1}",10,176,0
272.13,96,40,"{""Explorer"":3,""Gatherer"":4,""Unassigned"":1}",10,176,0
273.13,96,40,"{""Explorer"":3,""Gatherer"":4,""Unassigned"":1}",10,176,0
274.14,96,40,"{""Explorer"":3,""Gatherer"":4,""Unassigned"":1}",10,176,0
275.14,96,40,"{""Explorer"":3,""Gatherer"":4,""Unassigned"":1}",10,176,0
276.15,96,41,"{""Explorer"":3,""Gatherer"":4,""Unassigned"":1}",10,177,0
277.15,96,43,"{""Explorer"":3,""Gatherer"":4,""Unassigned"":1}",10,179,0
278.15,96,43,"{""Explorer"":3,""Gatherer"":4,""Unassigned"":1}",10,179,0
279.16,96,43,"{""Explorer"":3,""Gatherer"":4,""Unassigned"":1}",10,179,0
280.16,96,43,"{""Explorer"":3,""Gatherer"":4,""Unassigned"":1}",10,179,0
281.17,96,43,"{""Explorer"":3,""Gatherer"":4,""Unassigned"":1}",10,179,0
282.17,96,43,"{""Explorer"":3,""Gatherer"":4,""Unassigned"":1}",10,179,0
283.17,96,44,"{""Explorer"":3,""Gatherer"":4,""Unassigned"":1}",10,180,0
284.18,96,47,"{""Explorer"":3,""Gatherer"":4,""Unassigned"":1}",10,183,0
285.18,96,47,"{""Explorer"":3,""Gatherer"":4,""Unassigned"":1}",10,183,0
286.19,96,47,"{""Explorer"":3,""Gatherer"":4,""Unassigned"":1}",10,183,0
287.19,96,47,"{""Explorer"":3,""Gatherer"":4,""Unassigned"":1}",10,183,0
288.20,96,47,"{""Explorer"":3,""Gatherer"":4,""Unassigned"":1}",10,183,0
289.20,96,47,"{""Explorer"":3,""Gatherer"":4,""Unassigned"":1}",10,183,0
290.20,95,48,"{""Explorer"":3,""Gatherer"":4,""Unassigned"":1}",10,188,0
291.21,95,51,"{""Explorer"":3,""Gatherer"":4,""Unassigned"":1}",10,201,0
292.21,95,51,"{""Explorer"":3,""Gatherer"":4,""Unassigned"":1}",10,201,1
293.22,96,51,"{""Explorer"":4,""Gatherer"":3,""Unassigned"":1}",11,202,0
294.22,96,51,"{""Explorer"":4,""Gatherer"":3,""Unassigned"":1}",11,202,0
295.22,96,51,"{""Explorer"":4,""Gatherer"":3,""Unassigned"":1}",11,202,0
296.23,96,51,"{""Explorer"":4,""Gatherer"":3,""Unassigned"":1}",11,202,0
297.23,96,51,"{""Explorer"":4,""Gatherer"":3,""Unassigned"":1}",11,202,0
298.24,95,52,"{""Explorer"":4,""Gatherer"":3,""Unassigned"":1}",11,207,0
299.24,96,52,"{""Explorer"":4,""Gatherer"":3,""Unassigned"":1}",11,208,0
300.25,96,52,"{""Explorer"":4,""Gatherer"":3,""Unassigned"":1}",11,208,0
301.25,96,52,"{""Explorer"":4,""Gatherer"":3,""Unassigned"":1}",11,208,0
302.25,96,52,"{""Explorer"":4,""Gatherer"":3,""Unassigned"":1}",11,208,0
303.26,96,52,"{""Explorer"":4,""Gatherer"":3,""Unassigned"":1}",11,208,0
304.26,96,52,"{""Explorer"":4,""Gatherer"":3,""Unassigned"":1}",11,208,0
305.27,96,52,"{""Explorer"":4,""Gatherer"":3,""Unassigned"":1}",11,208,0
306.27,96,52,"{""Explorer"":4,""Gatherer"":3,""Unassigned"":1}",11,208,0
307.27,96,52,"{""Explorer"":4,""Gatherer"":3,""Unassigned"":1}",11,208,0
308.28,104,53,"{""Explorer"":4,""Gatherer"":3,""Unassigned"":1}",11,217,0
309.28,104,53,"{""Explorer"":4,""Gatherer"":3,""Unassigned"":1}",11,217,0
310.29,113,54,"{""Explorer"":4,""Gatherer"":3,""Unassigned"":1}",11,227,0
311.29,121,54,"{""Explorer"":4,""Gatherer"":3,""Unassigned"":1}",11,235,0
312.30,121,54,"{""Explorer"":4,""Gatherer"":3,""Unassigned"":1}",11,235,0
313.30,121,54,"{""Explorer"":4,""Gatherer"":3,""Unassigned"":1}",11,235,0
314.30,121,54,"{""Explorer"":4,""Gatherer"":3,""Unassigned"":1}",11,235,0
315.31,121,54,"{""Explorer"":4,""Gatherer"":3,""Unassigned"":1}",11,235,0
316.31,121,54,"{""Explorer"":4,""Gatherer"":3,""Unassigned"":1}",11,235,0
317.32,121,54,"{""Explorer"":4,""Gatherer"":3,""Unassigned"":1}",11,235,0
318.32,131,54,"{""Explorer"":4,""Gatherer"":3,""Unassigned"":1}",11,245,0
319.32,131,54,"{""Explorer"":4,""Gatherer"":3,""Unassigned"":1}",11,245,0
320.33,141,54,"{""Explorer"":4,""Gatherer"":3,""Unassigned"":1}",11,255,0
321.33,151,54,"{""Explorer"":4,""Gatherer"":3,""Unassigned"":1}",11,265,0
322.34,151,54,"{""Explorer"":4,""Gatherer"":3,""Unassigned"":1}",11,265,0
323.34,151,54,"{""Explorer"":4,""Gatherer"":3,""Unassigned"":1}",11,265,0
324.35,151,54,"{""Explorer"":4,""Gatherer"":3,""Unassigned"":1}",11,265,0
325.35,151,54,"{""Explorer"":4,""Gatherer"":3,""Unassigned"":1}",11,265,0
326.35,151,54,"{""Explorer"":4,""Gatherer"":3,""Unassigned"":1}",11,265,0
327.36,151,54,"{""Explorer"":4,""Gatherer"":3,""Unassigned"":1}",11,265,0
328.36,161,54,"{""Explorer"":4,""Gatherer"":3,""Unassigned"":1}",11,275,0
329.37,161,54,"{""Explorer"":4,""Gatherer"":3,""Unassigned"":1}",11,275,0
330.37,171,54,"{""Explorer"":4,""Gatherer"":3,""Unassigned"":1}",11,285,0
331.37,181,54,"{""Explorer"":4,""Gatherer"":3,""Unassigned"":1}",11,295,0
332.38,181,54,"{""Explorer"":4,""Gatherer"":3,""Unassigned"":1}",11,295,0
333.38,181,54,"{""Explorer"":4,""Gatherer"":3,""Unassigned"":1}",11,295,0
334.39,181,54,"{""Explorer"":4,""Gatherer"":3,""Unassigned"":1}",11,295,0
335.39,181,54,"{""Explorer"":4,""Gatherer"":3,""Unassigned"":1}",11,295,0
336.40,181,54,"{""Explorer"":4,""Gatherer"":3,""Unassigned"":1}",11,295,0
337.40,181,54,"{""Explorer"":4,""Gatherer"":3,""Unassigned"":1}",11,295,0
338.40,191,54,"{""Explorer"":4,""Gatherer"":3,""Unassigned"":1}",11,305,0
339.41,191,54,"{""Explorer"":4,""Gatherer"":3,""Unassigned"":1}",11,305,0
340.41,196,54,"{""Explorer"":4,""Gatherer"":3,""Unassigned"":1}",11,310,0
341.42,196,54,"{""Explorer"":4,""Gatherer"":3,""Unassigned"":1}",11,310,0
342.42,196,54,"{""Explorer"":4,""Gatherer"":3,""Unassigned"":1}",11,310,0
343.42,196,54,"{""Explorer"":4,""Gatherer"":3,""Unassigned"":1}",11,310,0
344.43,196,54,"{""Explorer"":4,""Gatherer"":3,""Unassigned"":1}",11,310,0
345.43,196,54,"{""Explorer"":4,""Gatherer"":3,""Unassigned"":1}",11,310,0
346.44,196,54,"{""Explorer"":4,""Gatherer"":3,""Unassigned"":1}",11,310,0
347.44,196,55,"{""Explorer"":4,""Gatherer"":3,""Unassigned"":1}",11,311,0
348.45,196,56,"{""Explorer"":4,""Gatherer"":3,""Unassigned"":1}",11,312,0
349.45,196,56,"{""Explorer"":4,""Gatherer"":3,""Unassigned"":1}",11,312,0
350.45,196,56,"{""Explorer"":4,""Gatherer"":3,""Unassigned"":1}",11,312,0
351.46,196,56,"{""Explorer"":4,""Gatherer"":3,""Unassigned"":1}",11,312,0
352.46,196,56,"{""Explorer"":4,""Gatherer"":3,""Unassigned"":1}",11,312,0
353.47,196,56,"{""Explorer"":4,""Gatherer"":3,""Unassigned"":1}",11,312,0
354.47,196,57,"{""Explorer"":4,""Gatherer"":3,""Unassigned"":1}",11,313,0
355.47,196,59,"{""Explorer"":4,""Gatherer"":3,""Unassigned"":1}",11,315,0
356.48,196,59,"{""Explorer"":4,""Gatherer"":3,""Unassigned"":1}",11,315,0
357.48,196,59,"{""Explorer"":4,""Gatherer"":3,""Unassigned"":1}",11,315,0
358.49,196,59,"{""Explorer"":4,""Gatherer"":3,""Unassigned"":1}",11,315,0
359.49,196,59,"{""Explorer"":4,""Gatherer"":3,""Unassigned"":1}",11,315,0
360.50,196,59,"{""Explorer"":4,""Gatherer"":3,""Unassigned"":1}",11,315,0
361.50,196,59,"{""Explorer"":4,""Gatherer"":3,""Unassigned"":1}",11,315,0
362.50,195,61,"{""Explorer"":4,""Gatherer"":3,""Unassigned"":1}",11,323,0
363.51,194,62,"{""Explorer"":4,""Gatherer"":3,""Unassigned"":1}",11,325,0
364.51,194,62,"{""Explorer"":4,""Gatherer"":3,""Unassigned"":1}",11,325,0
365.52,195,62,"{""Explorer"":4,""Gatherer"":3,""Unassigned"":1}",11,326,0
366.52,195,62,"{""Explorer"":4,""Gatherer"":3,""Unassigned"":1}",11,326,0
367.52,195,62,"{""Explorer"":4,""Gatherer"":3,""Unassigned"":1}",11,326,0
368.53,195,62,"{""Explorer"":4,""Gatherer"":3,""Unassigned"":1}",11,326,0
369.53,195,63,"{""Explorer"":4,""Gatherer"":3,""Unassigned"":1}",11,330,0
370.54,195,63,"{""Explorer"":4,""Gatherer"":3,""Unassigned"":1}",11,330,0
371.54,195,63,"{""Explorer"":4,""Gatherer"":3,""Unassigned"":1}",11,330,0
372.55,195,63,"{""Explorer"":4,""Gatherer"":3,""Unassigned"":1}",11,330,0
373.55,195,63,"{""Explorer"":4,""Gatherer"":3,""Unassigned"":1}",11,330,0
374.55,195,63,"{""Explorer"":4,""Gatherer"":3,""Unassigned"":1}",11,330,0
375.56,195,63,"{""Explorer"":4,""Gatherer"":3,""Unassigned"":1}",11,330,0
376.56,195,63,"{""Explorer"":4,""Gatherer"":3,""Unassigned"":1}",11,330,0
377.57,195,63,"{""Explorer"":4,""Gatherer"":3,""Unassigned"":1}",11,330,0
378.57,195,63,"{""Explorer"":4,""Gatherer"":3,""Unassigned"":1}",11,330,0
379.57,195,63,"{""Explorer"":4,""Gatherer"":3,""Unassigned"":1}",11,330,0
380.58,195,64,"{""Explorer"":4,""Gatherer"":3,""Unassigned"":1}",11,331,0
381.58,195,65,"{""Explorer"":4,""Gatherer"":3,""Unassigned"":1}",11,332,0
382.59,195,65,"{""Explorer"":4,""Gatherer"":3,""Unassigned"":1}",11,332,0
383.59,195,65,"{""Explorer"":4,""Gatherer"":3,""Unassigned"":1}",11,332,0
384.60,195,65,"{""Explorer"":4,""Gatherer"":3,""Unassigned"":1}",11,332,0
385.60,195,65,"{""Explorer"":4,""Gatherer"":3,""Unassigned"":1}",11,332,0
386.60,195,67,"{""Explorer"":4,""Gatherer"":3,""Unassigned"":1}",11,334,0
387.61,195,67,"{""Explorer"":4,""Gatherer"":3,""Unassigned"":1}",11,334,0
388.61,195,68,"{""Explorer"":4,""Gatherer"":3,""Unassigned"":1}",11,335,0
389.62,195,68,"{""Explorer"":4,""Gatherer"":3,""Unassigned"":1}",11,335,0
390.62,195,68,"{""Explorer"":4,""Gatherer"":3,""Unassigned"":1}",11,335,0
391.62,195,68,"{""Explorer"":4,""Gatherer"":3,""Unassigned"":1}",11,335,0
392.63,195,69,"{""Explorer"":4,""Gatherer"":3,""Unassigned"":1}",11,336,0
393.63,195,70,"{""Explorer"":4,""Gatherer"":3,""Unassigned"":1}",11,337,0
394.64,195,70,"{""Explorer"":4,""Gatherer"":3,""Unassigned"":1}",11,337,0
395.64,195,71,"{""Explorer"":4,""Gatherer"":3,""Unassigned"":1}",11,338,0
396.65,195,71,"{""Explorer"":4,""Gatherer"":3,""Unassigned"":1}",11,338,0
397.65,195,71,"{""Explorer"":4,""Gatherer"":3,""Unassigned"":1}",11,338,0
398.65,195,71,"{""Explorer"":4,""Gatherer"":3,""Unassigned"":1}",11,338,0
399.66,195,72,"{""Explorer"":4,""Gatherer"":3,""Unassigned"":1}",11,339,0
400.66,195,73,"{""Explorer"":4,""Gatherer"":3,""Unassigned"":1}",11,340,0
401.67,195,73,"{""Explorer"":4,""Gatherer"":3,""Unassigned"":1}",11,340,0
402.67,195,74,"{""Explorer"":4,""Gatherer"":3,""Unassigned"":1}",11,341,0
403.67,195,74,"{""Explorer"":4,""Gatherer"":3,""Unassigned"":1}",11,341,0
404.68,195,74,"{""Explorer"":4,""Gatherer"":3,""Unassigned"":1}",11,341,0
405.68,195,74,"{""Explorer"":4,""Gatherer"":3,""Unassigned"":1}",11,341,0
406.69,195,75,"{""Explorer"":4,""Gatherer"":3,""Unassigned"":1}",11,342,0
407.69,195,76,"{""Explorer"":4,""Gatherer"":3,""Unassigned"":1}",11,343,0
408.70,195,77,"{""Explorer"":4,""Gatherer"":3,""Unassigned"":1}",11,344,0
409.70,195,77,"{""Explorer"":4,""Gatherer"":3,""Unassigned"":1}",11,344,0
410.70,195,77,"{""Explorer"":4,""Gatherer"":3,""Unassigned"":1}",11,344,0
411.71,195,77,"{""Explorer"":4,""Gatherer"":3,""Unassigned"":1}",11,344,0
412.71,195,77,"{""Explorer"":4,""Gatherer"":3,""Unassigned"":1}",11,344,0
413.72,195,78,"{""Explorer"":4,""Gatherer"":3,""Unassigned"":1}",11,345,0
414.72,195,78,"{""Explorer"":4,""Gatherer"":3,""Unassigned"":1}",11,345,0
415.72,195,78,"{""Explorer"":4,""Gatherer"":3,""Unassigned"":1}",11,345,0
416.73,195,78,"{""Explorer"":4,""Gatherer"":3,""Unassigned"":1}",11,345,0
417.73,195,78,"{""Explorer"":4,""Gatherer"":3,""Unassigned"":1}",11,345,0
418.74,195,78,"{""Explorer"":4,""Gatherer"":3,""Unassigned"":1}",11,345,0
419.74,195,78,"{""Explorer"":4,""Gatherer"":3,""Unassigned"":1}",11,345,0
420.75,195,78,"{""Explorer"":4,""Gatherer"":3,""Unassigned"":1}",11,345,0
421.75,195,78,"{""Explorer"":4,""Gatherer"":3,""Unassigned"":1}",11,345,0
422.75,195,78,"{""Explorer"":4,""Gatherer"":3,""Unassigned"":1}",11,345,0
423.76,195,78,"{""Explorer"":4,""Gatherer"":3,""Unassigned"":1}",11,345,0
424.76,195,79,"{""Explorer"":4,""Gatherer"":3,""Unassigned"":1}",11,346,0
425.77,195,80,"{""Explorer"":4,""Gatherer"":3,""Unassigned"":1}",11,347,0
426.77,195,80,"{""Explorer"":4,""Gatherer"":3,""Unassigned"":1}",11,347,0
427.77,195,80,"{""Explorer"":4,""Gatherer"":3,""Unassigned"":1}",11,347,0
428.78,195,80,"{""Explorer"":4,""Gatherer"":3,""Unassigned"":1}",11,347,0
429.78,195,80,"{""Explorer"":4,""Gatherer"":3,""Unassigned"":1}",11,347,0
430.79,195,81,"{""Explorer"":4,""Gatherer"":3,""Unassigned"":1}",11,348,0
431.79,195,82,"{""Explorer"":4,""Gatherer"":3,""Unassigned"":1}",11,349,0
432.80,195,83,"{""Explorer"":4,""Gatherer"":3,""Unassigned"":1}",11,350,0
433.80,195,83,"{""Explorer"":4,""Gatherer"":3,""Unassigned"":1}",11,350,0
434.80,195,83,"{""Explorer"":4,""Gatherer"":3,""Unassigned"":1}",11,350,0
435.81,195,83,"{""Explorer"":4,""Gatherer"":3,""Unassigned"":1}",11,350,0
436.81,195,83,"{""Explorer"":4,""Gatherer"":3,""Unassigned"":1}",11,350,0
437.82,195,84,"{""Explorer"":4,""Gatherer"":3,""Unassigned"":1}",11,351,0
438.82,194,85,"{""Explorer"":4,""Gatherer"":3,""Unassigned"":1}",11,356,0
439.82,194,86,"{""Explorer"":4,""Gatherer"":3,""Unassigned"":1}",11,362,0
440.83,194,86,"{""Explorer"":4,""Gatherer"":3,""Unassigned"":1}",11,362,0
441.83,195,86,"{""Explorer"":4,""Gatherer"":3,""Unassigned"":1}",11,363,0
442.84,195,86,"{""Explorer"":4,""Gatherer"":3,""Unassigned"":1}",11,363,0
443.84,195,86,"{""Explorer"":4,""Gatherer"":3,""Unassigned"":1}",11,363,0
444.85,194,87,"{""Explorer"":4,""Gatherer"":3,""Unassigned"":1}",11,368,0
445.85,195,87,"{""Explorer"":4,""Gatherer"":3,""Unassigned"":1}",11,369,0
446.85,195,87,"{""Explorer"":4,""Gatherer"":3,""Unassigned"":1}",11,369,0
447.86,195,87,"{""Explorer"":4,""Gatherer"":3,""Unassigned"":1}",11,369,0
448.86,195,87,"{""Explorer"":4,""Gatherer"":3,""Unassigned"":1}",11,369,0
449.87,195,87,"{""Explorer"":4,""Gatherer"":3,""Unassigned"":1}",11,369,0
450.87,195,87,"{""Explorer"":4,""Gatherer"":3,""Unassigned"":1}",11,369,0
451.87,195,87,"{""Explorer"":4,""Gatherer"":3,""Unassigned"":1}",11,369,0
452.88,195,87,"{""Explorer"":4,""Gatherer"":3,""Unassigned"":1}",11,369,0
453.88,195,87,"{""Explorer"":4,""Gatherer"":3,""Unassigned"":1}",11,369,0
454.89,195,87,"{""Explorer"":4,""Gatherer"":3,""Unassigned"":1}",11,369,0
455.89,195,88,"{""Explorer"":4,""Gatherer"":3,""Unassigned"":1}",11,370,0
456.90,195,88,"{""Explorer"":4,""Gatherer"":3,""Unassigned"":1}",11,370,0
457.90,195,89,"{""Explorer"":4,""Gatherer"":3,""Unassigned"":1}",11,371,0
458.90,195,89,"{""Explorer"":4,""Gatherer"":3,""Unassigned"":1}",11,371,0
459.91,195,89,"{""Explorer"":4,""Gatherer"":3,""Unassigned"":1}",11,371,0
460.91,195,89,"{""Explorer"":4,""Gatherer"":3,""Unassigned"":1}",11,371,0
461.92,195,90,"{""Explorer"":4,""Gatherer"":3,""Unassigned"":1}",11,372,0
462.92,195,91,"{""Explorer"":4,""Gatherer"":3,""Unassigned"":1}",11,373,0
463.92,195,91,"{""Explorer"":4,""Gatherer"":3,""Unassigned"":1}",11,373,0
464.93,195,92,"{""Explorer"":4,""Gatherer"":3,""Unassigned"":1}",11,374,0
465.93,195,92,"{""Explorer"":4,""Gatherer"":3,""Unassigned"":1}",11,374,0
466.94,195,92,"{""Explorer"":4,""Gatherer"":3,""Unassigned"":1}",11,374,0
467.94,195,92,"{""Explorer"":4,""Gatherer"":3,""Unassigned"":1}",11,374,0
468.95,195,93,"{""Explorer"":4,""Gatherer"":3,""Unassigned"":1}",11,375,0
469.95,195,94,"{""Explorer"":4,""Gatherer"":3,""Unassigned"":1}",11,376,0
470.95,195,94,"{""Explorer"":4,""Gatherer"":3,""Unassigned"":1}",11,376,0
471.96,195,95,"{""Explorer"":4,""Gatherer"":3,""Unassigned"":1}",11,377,0
472.96,195,95,"{""Explorer"":4,""Gatherer"":3,""Unassigned"":1}",11,377,0
473.97,195,95,"{""Explorer"":4,""Gatherer"":3,""Unassigned"":1}",11,377,0
474.97,195,95,"{""Explorer"":4,""Gatherer"":3,""Unassigned"":1}",11,377,0
475.97,195,96,"{""Explorer"":4,""Gatherer"":3,""Unassigned"":1}",11,378,0
476.98,195,97,"{""Explorer"":4,""Gatherer"":3,""Unassigned"":1}",11,379,0
477.98,195,97,"{""Explorer"":4,""Gatherer"":3,""Unassigned"":1}",11,379,0
478.99,195,98,"{""Explorer"":4,""Gatherer"":3,""Unassigned"":1}",11,380,0
479.99,195,98,"{""Explorer"":4,""Gatherer"":3,""Unassigned"":1}",11,380,0
481.00,195,98,"{""Explorer"":4,""Gatherer"":3,""Unassigned"":1}",11,380,0
482.00,195,98,"{""Explorer"":4,""Gatherer"":3,""Unassigned"":1}",11,380,0
483.00,195,99,"{""Explorer"":4,""Gatherer"":3,""Unassigned"":1}",11,381,0
484.01,195,100,"{""Explorer"":4,""Gatherer"":3,""Unassigned"":1}",11,382,0
485.01,195,100,"{""Explorer"":4,""Gatherer"":3,""Unassigned"":1}",11,382,0
486.02,195,100,"{""Explorer"":4,""Gatherer"":3,""Unassigned"":1}",11,382,0
487.02,195,100,"{""Explorer"":4,""Gatherer"":3,""Unassigned"":1}",11,382,0
488.02,195,100,"{""Explorer"":4,""Gatherer"":3,""Unassigned"":1}",11,382,0
489.03,195,100,"{""Explorer"":4,""Gatherer"":3,""Unassigned"":1}",11,382,0
490.03,195,100,"{""Explorer"":4,""Gatherer"":3,""Unassigned"":1}",11,382,0
491.04,195,100,"{""Explorer"":4,""Gatherer"":3,""Unassigned"":1}",11,382,0
492.04,195,100,"{""Explorer"":4,""Gatherer"":3,""Unassigned"":1}",11,382,0
493.05,195,100,"{""Explorer"":4,""Gatherer"":3,""Unassigned"":1}",11,382,0
494.05,195,100,"{""Explorer"":4,""Gatherer"":3,""Unassigned"":1}",11,382,0
495.05,195,100,"{""Explorer"":4,""Gatherer"":3,""Unassigned"":1}",11,382,0
496.06,195,100,"{""Explorer"":4,""Gatherer"":3,""Unassigned"":1}",11,382,0
497.06,195,100,"{""Explorer"":4,""Gatherer"":3,""Unassigned"":1}",11,382,0
498.07,195,100,"{""Explorer"":4,""Gatherer"":3,""Unassigned"":1}",11,382,0
499.07,195,100,"{""Explorer"":4,""Gatherer"":3,""Unassigned"":1}",11,382,0
500.07,195,100,"{""Explorer"":4,""Gatherer"":3,""Unassigned"":1}",11,382,0
501.08,195,100,"{""Explorer"":4,""Gatherer"":3,""Unassigned"":1}",11,382,0
502.08,195,100,"{""Explorer"":4,""Gatherer"":3,""Unassigned"":1}",11,382,0
503.09,195,100,"{""Explorer"":4,""Gatherer"":3,""Unassigned"":1}",11,382,0
504.09,195,100,"{""Explorer"":4,""Gatherer"":3,""Unassigned"":1}",11,382,0
505.10,195,100,"{""Explorer"":4,""Gatherer"":3,""Unassigned"":1}",11,382,0
506.10,195,100,"{""Explorer"":4,""Gatherer"":3,""Unassigned"":1}",11,382,0
507.10,195,100,"{""Explorer"":4,""Gatherer"":3,""Unassigned"":1}",11,382,0
508.11,195,100,"{""Explorer"":4,""Gatherer"":3,""Unassigned"":1}",11,382,0
509.11,194,100,"{""Explorer"":4,""Gatherer"":3,""Unassigned"":1}",11,382,0
510.12,194,100,"{""Explorer"":4,""Gatherer"":3,""Unassigned"":1}",11,382,0
511.12,194,100,"{""Explorer"":4,""Gatherer"":3,""Unassigned"":1}",11,383,0
512.12,194,100,"{""Explorer"":4,""Gatherer"":3,""Unassigned"":1}",11,383,0
513.13,195,100,"{""Explorer"":4,""Gatherer"":3,""Unassigned"":1}",11,384,0
514.13,195,100,"{""Explorer"":4,""Gatherer"":3,""Unassigned"":1}",11,384,0
515.14,194,100,"{""Explorer"":4,""Gatherer"":3,""Unassigned"":1}",11,384,0
516.14,194,100,"{""Explorer"":4,""Gatherer"":3,""Unassigned"":1}",11,384,0
517.15,195,100,"{""Explorer"":4,""Gatherer"":3,""Unassigned"":1}",11,385,0
518.15,195,100,"{""Explorer"":4,""Gatherer"":3,""Unassigned"":1}",11,385,0
519.15,195,100,"{""Explorer"":4,""Gatherer"":3,""Unassigned"":1}",11,385,0
520.16,195,100,"{""Explorer"":4,""Gatherer"":3,""Unassigned"":1}",11,385,0
521.16,195,100,"{""Explorer"":4,""Gatherer"":3,""Unassigned"":1}",11,385,0
522.17,195,100,"{""Explorer"":4,""Gatherer"":3,""Unassigned"":1}",11,385,0
523.17,195,100,"{""Explorer"":4,""Gatherer"":3,""Unassigned"":1}",11,385,0
524.17,195,100,"{""Explorer"":4,""Gatherer"":3,""Unassigned"":1}",11,385,0
525.18,195,100,"{""Explorer"":4,""Gatherer"":3,""Unassigned"":1}",11,385,0
526.18,195,100,"{""Explorer"":4,""Gatherer"":3,""Unassigned"":1}",11,385,0
527.19,195,100,"{""Explorer"":4,""Gatherer"":3,""Unassigned"":1}",11,385,0
528.19,195,100,"{""Explorer"":4,""Gatherer"":3,""Unassigned"":1}",11,385,0
529.20,195,100,"{""Explorer"":4,""Gatherer"":3,""Unassigned"":1}",11,385,0
530.20,195,100,"{""Explorer"":4,""Gatherer"":3,""Unassigned"":1}",11,385,0
531.20,195,100,"{""Explorer"":4,""Gatherer"":3,""Unassigned"":1}",11,385,0
532.21,195,100,"{""Explorer"":4,""Gatherer"":3,""Unassigned"":1}",11,385,0
533.21,195,100,"{""Explorer"":4,""Gatherer"":3,""Unassigned"":1}",11,385,0
534.22,195,100,"{""Explorer"":4,""Gatherer"":3,""Unassigned"":1}",11,385,0
535.22,195,100,"{""Explorer"":4,""Gatherer"":3,""Unassigned"":1}",11,385,0
536.22,195,100,"{""Explorer"":4,""Gatherer"":3,""Unassigned"":1}",11,385,0
537.23,195,100,"{""Explorer"":4,""Gatherer"":3,""Unassigned"":1}",11,385,0
538.23,195,100,"{""Explorer"":4,""Gatherer"":3,""Unassigned"":1}",11,385,0
539.24,195,100,"{""Explorer"":4,""Gatherer"":3,""Unassigned"":1}",11,385,0
540.24,195,100,"{""Explorer"":4,""Gatherer"":3,""Unassigned"":1}",11,385,0
541.25,195,100,"{""Explorer"":4,""Gatherer"":3,""Unassigned"":1}",11,385,0
542.25,195,100,"{""Explorer"":4,""Gatherer"":3,""Unassigned"":1}",11,385,0
543.25,195,100,"{""Explorer"":4,""Gatherer"":3,""Unassigned"":1}",11,385,0
544.26,195,100,"{""Explorer"":4,""Gatherer"":3,""Unassigned"":1}",11,385,0
545.26,195,100,"{""Explorer"":4,""Gatherer"":3,""Unassigned"":1}",11,385,0
546.27,195,100,"{""Explorer"":4,""Gatherer"":3,""Unassigned"":1}",11,385,0
547.27,195,100,"{""Explorer"":4,""Gatherer"":3,""Unassigned"":1}",11,385,0
548.28,195,100,"{""Explorer"":4,""Gatherer"":3,""Unassigned"":1}",11,385,0
549.28,195,100,"{""Explorer"":4,""Gatherer"":3,""Unassigned"":1}",11,385,0
550.28,195,100,"{""Explorer"":4,""Gatherer"":3,""Unassigned"":1}",11,385,0
551.29,195,100,"{""Explorer"":4,""Gatherer"":3,""Unassigned"":1}",11,385,0
552.29,195,100,"{""Explorer"":4,""Gatherer"":3,""Unassigned"":1}",11,385,0
553.30,195,100,"{""Explorer"":4,""Gatherer"":3,""Unassigned"":1}",11,385,0
554.30,195,100,"{""Explorer"":4,""Gatherer"":3,""Unassigned"":1}",11,385,0
555.30,195,100,"{""Explorer"":4,""Gatherer"":3,""Unassigned"":1}",11,385,0
556.31,195,100,"{""Explorer"":4,""Gatherer"":3,""Unassigned"":1}",11,385,0
557.31,195,100,"{""Explorer"":4,""Gatherer"":3,""Unassigned"":1}",11,385,0
558.32,195,100,"{""Explorer"":4,""Gatherer"":3,""Unassigned"":1}",11,385,0
559.32,195,100,"{""Explorer"":4,""Gatherer"":3,""Unassigned"":1}",11,385,0
560.33,195,100,"{""Explorer"":4,""Gatherer"":3,""Unassigned"":1}",11,385,0
561.33,195,100,"{""Explorer"":4,""Gatherer"":3,""Unassigned"":1}",11,385,0
562.33,195,100,"{""Explorer"":4,""Gatherer"":3,""Unassigned"":1}",11,385,0
563.34,195,100,"{""Explorer"":4,""Gatherer"":3,""Unassigned"":1}",11,385,0
564.34,195,100,"{""Explorer"":4,""Gatherer"":3,""Unassigned"":1}",11,385,0
565.35,195,100,"{""Explorer"":4,""Gatherer"":3,""Unassigned"":1}",11,385,0
566.35,195,100,"{""Explorer"":4,""Gatherer"":3,""Unassigned"":1}",11,385,0
567.35,195,100,"{""Explorer"":4,""Gatherer"":3,""Unassigned"":1}",11,385,0
568.36,195,100,"{""Explorer"":4,""Gatherer"":3,""Unassigned"":1}",11,385,0
569.36,195,100,"{""Explorer"":4,""Gatherer"":3,""Unassigned"":1}",11,385,0
570.37,195,100,"{""Explorer"":4,""Gatherer"":3,""Unassigned"":1}",11,385,0
571.37,195,100,"{""Explorer"":4,""Gatherer"":3,""Unassigned"":1}",11,385,0
572.38,195,100,"{""Explorer"":4,""Gatherer"":3,""Unassigned"":1}",11,385,0
573.38,195,100,"{""Explorer"":4,""Gatherer"":3,""Unassigned"":1}",11,385,0
574.38,195,100,"{""Explorer"":4,""Gatherer"":3,""Unassigned"":1}",11,385,0
575.39,195,100,"{""Explorer"":4,""Gatherer"":3,""Unassigned"":1}",11,385,0
576.39,195,100,"{""Explorer"":4,""Gatherer"":3,""Unassigned"":1}",11,385,0
577.40,195,100,"{""Explorer"":4,""Gatherer"":3,""Unassigned"":1}",11,385,0
578.40,195,100,"{""Explorer"":4,""Gatherer"":3,""Unassigned"":1}",11,385,0
579.40,194,100,"{""Explorer"":4,""Gatherer"":3,""Unassigned"":1}",11,385,0
580.41,194,100,"{""Explorer"":4,""Gatherer"":3,""Unassigned"":1}",11,385,0
581.41,194,100,"{""Explorer"":4,""Gatherer"":3,""Unassigned"":1}",11,386,0
582.42,194,100,"{""Explorer"":4,""Gatherer"":3,""Unassigned"":1}",11,386,0
583.42,195,100,"{""Explorer"":4,""Gatherer"":3,""Unassigned"":1}",11,387,0
584.43,195,100,"{""Explorer"":4,""Gatherer"":3,""Unassigned"":1}",11,387,0
585.43,194,100,"{""Explorer"":4,""Gatherer"":3,""Unassigned"":1}",11,387,0
586.43,194,100,"{""Explorer"":4,""Gatherer"":3,""Unassigned"":1}",11,387,0
587.44,195,100,"{""Explorer"":4,""Gatherer"":3,""Unassigned"":1}",11,388,0
588.44,195,100,"{""Explorer"":4,""Gatherer"":3,""Unassigned"":1}",11,388,0
589.45,195,100,"{""Explorer"":4,""Gatherer"":3,""Unassigned"":1}",11,388,0
590.45,195,100,"{""Explorer"":4,""Gatherer"":3,""Unassigned"":1}",11,388,0
591.45,195,100,"{""Explorer"":4,""Gatherer"":3,""Unassigned"":1}",11,388,0
592.46,195,100,"{""Explorer"":4,""Gatherer"":3,""Unassigned"":1}",11,388,0
593.46,195,100,"{""Explorer"":4,""Gatherer"":3,""Unassigned"":1}",11,388,0
594.47,195,100,"{""Explorer"":4,""Gatherer"":3,""Unassigned"":1}",11,388,0
595.47,195,100,"{""Explorer"":4,""Gatherer"":3,""Unassigned"":1}",11,388,0
596.48,195,100,"{""Explorer"":4,""Gatherer"":3,""Unassigned"":1}",11,388,0
597.48,195,100,"{""Explorer"":4,""Gatherer"":3,""Unassigned"":1}",11,388,0
598.48,195,100,"{""Explorer"":4,""Gatherer"":3,""Unassigned"":1}",11,388,0
599.49,195,100,"{""Explorer"":4,""Gatherer"":3,""Unassigned"":1}",11,388,0
600.00,195,100,"{""Explorer"":4,""Gatherer"":3,""Unassigned"":1}",11,388,0
